{"count":1,"self":320.1524224,"total":347.70561699999996,"children":{"InitializeActuators":{"count":1,"self":0.0012469999999999998,"total":0.0012469999999999998,"children":null},"InitializeSensors":{"count":1,"self":0.0011459999999999999,"total":0.0011459999999999999,"children":null},"AgentSendState":{"count":79251,"self":0.100337,"total":0.34384899999999996,"children":{"CollectObservations":{"count":7926,"self":0.013106999999999999,"total":0.013106999999999999,"children":null},"WriteActionMask":{"count":7926,"self":0.0050929999999999994,"total":0.0050929999999999994,"children":null},"RequestDecision":{"count":7926,"self":0.036205,"total":0.22531199999999998,"children":{"AgentInfo.ToProto":{"count":7926,"self":0.03487,"total":0.189107,"children":{"GenerateSensorData":{"count":7926,"self":0.15423699999999999,"total":0.15423699999999999,"children":null}}}}}}},"DecideAction":{"count":79251,"self":26.955516799999998,"total":26.955517999999998,"children":null},"AgentAct":{"count":79251,"self":0.249052,"total":0.250735,"children":{"AgentInfo.ToProto":{"count":66,"self":0.00033099999999999997,"total":0.0016829999999999998,"children":{"GenerateSensorData":{"count":66,"self":0.001352,"total":0.001352,"children":null}}}}}},"gauges":{"Turtlebot.CumulativeReward":{"count":66,"max":1,"min":0,"runningAverage":0.106060624,"value":1,"weightedAverage":0.2500791}},"metadata":{"timer_format_version":"0.1.0","start_time_seconds":"1627618740","unity_version":"2020.3.11f1","command_line_arguments":"\/home\/rirolab\/Unity\/Hub\/Editor\/2020.3.11f1\/Editor\/Unity -projectpath \/home\/rirolab\/Desktop\/test -useHub -hubIPC -cloudEnvironment production -hubSessionId f188dcf0-ef76-11eb-9e03-3b9bf60ce2ef","communication_protocol_version":"1.5.0","com.unity.ml-agents_version":"2.0.0-exp.1","scene_name":"Turtlebot RL","end_time_seconds":"1627619088"}}